Setor;Produto;Preço;Validade informada;Conferido;Observações
"Mercearia e bebidas";"Macarrão parafuso / espaguete 500g";"R$ 2,99";"11/2026";"";""
"Mercearia e bebidas";"Ovos Josidith com 30 un.";"R$ 12,99";"24/10/2026";"";""
"Mercearia e bebidas";"Kapo 200ml";"R$ 1,99";"16/04/2027";"";""
"Mercearia e bebidas";"Coca-Cola 2L";"R$ 8,99";"26/12/2026";"";""
"Mercearia e bebidas";"Del Valle Frut 1,5L";"R$ 4,99";"27/04/2027";"";""
"Mercearia e bebidas";"Maionese Hellmann’s 500g";"R$ 9,99";"29/01/2027";"";""
"Mercearia e bebidas";"Molho tradicional Quero 249g";"R$ 1,69";"03/2027";"";""
"Mercearia e bebidas";"Batata palha Praticamente Leve 75g";"R$ 3,49";"17/12/2027";"";""
"Açougue, frios e congelados";"Linguiça suína Seara — kg";"R$ 15,99";"05/11/2026";"";""
"Açougue, frios e congelados";"Hambúrguer Chuletão 56g";"R$ 0,99";"07/01/2027";"";""
"Açougue, frios e congelados";"Pé de galinha — kg";"R$ 7,99";"12/2026";"";""
"Açougue, frios e congelados";"Costela ponta de agulha — kg";"R$ 17,99";"20/10/2026";"";""
"Açougue, frios e congelados";"Carne suína — kg";"R$ 9,99";"10/2026";"";""
"Açougue, frios e congelados";"Fígado bovino — kg";"R$ 15,99";"10/2026";"";""
"Açougue, frios e congelados";"Pão de alho Mezzani 310g";"R$ 8,99";"19/10/2026";"";""
"Açougue, frios e congelados";"Mortadela defumada Aurora 189g";"R$ 4,99";"16/10/2026";"";""
"Açougue, frios e congelados";"Mortadela defumada Seara 180g";"R$ 4,99";"16/10/2026";"";""
"Açougue, frios e congelados";"Iogurte Nestlé — bandeja";"R$ 5,99";"20/10/2026";"";""
"Limpeza, higiene e beleza";"Amaciante Downy refil 750ml";"R$ 15,99";"não informada";"";""
"Limpeza, higiene e beleza";"Sabão em barra Minuano 800g";"R$ 10,99";"não informada";"";""
"Limpeza, higiene e beleza";"Lava-roupas líquido Ápice 800g";"R$ 5,99";"não informada";"";""
"Limpeza, higiene e beleza";"Sabonete Cliss 85g";"R$ 0,99";"não informada";"";""
"Limpeza, higiene e beleza";"Sabonete líquido Nathy 500ml";"R$ 14,99";"não informada";"";""
"Limpeza, higiene e beleza";"Creme dental Sorriso Tripla Limpeza Completa 70g";"R$ 3,99";"não informada";"";""
"Limpeza, higiene e beleza";"Shampoo Bio Extratus 250ml";"R$ 45,99";"não informada";"";""
"Limpeza, higiene e beleza";"Restaurador Bio Extratus 250g";"R$ 45,99";"não informada";"";""
"Limpeza, higiene e beleza";"Body Splash Sabonete Line 200ml";"R$ 34,99";"não informada";"";""
"Utilidades e bebê";"Caneca Chopp Caveira 370ml";"R$ 14,99";"não se aplica";"";""
"Utilidades e bebê";"Fralda descartável Juninho Panda M, G e XXG";"R$ 10,99";"não informada";"";""
"Utilidades e bebê";"Prato Nadir Pétala fundo 23,5cm";"R$ 5,99";"não se aplica";"";""
"Utilidades e bebê";"Pote com tampa de bambu 1,2L";"R$ 25,99";"não se aplica";"";""